van_id,password
Ardeth Lavon,aPZaneuZVX
Gwendolyn Cecilia,HGwKcbWMHr
Genevieve Adele,PAADevhGDv
Penelope Karen,WEGVbzXfYP
Beth Dorris,WUgBBCcmhv
Winona Alta,iqEbzIUCEu
Corrine Kay,IhHduVRxQY
Audrey Laverne,wcZVwXjMVs
Lois Patti,AmWgVpCdFZ
Helene Bonita,LLEpWxBhZh
Leslie Peggy,aNjGfpNIsa
Edythe Anita,MwEWxaIYAj
Rachel Noreen,ZAvTzDOgMO
Dorris Arleen,xrSdiJniHq
Marjory Angeline,cQBjlMmLJE
Constance Bettye,lWPXqgNaat
Dorothea Lupe,TXwxTxDRGZ
Leola Gay,QIjTzFpJWq
Thresa Lora,rDlYSXVjhp
Evalyn Nora,sjLgUgIDwZ
Eugenia Diane,qJAfDaUzxB
Pauline Lyla,BGjonZYqYr
Avis Lila,RpSKtajrTW
Anna Kathy,KtTXBJxTYi
Patsy Mabel,LslBeKcEMJ
Sara May,UTHMziLYuV
Charlotte Lavina,sAhteByMOa
Eleanore Maude,PRBUEWyHWk
Irma Opal,LomhtMuNyF
Phyllis Jeanette,QeYQUBKdZS
Flora Rosemary,GhUTnigTru
Christine Eugenia,EPMBxhjxte
Christine Dolly,izNgVPGexs
Alma Jewel,KgzYNmrrzq
Luella Carol,fKhmfFntXp
Charmaine Mercedes,fpIXMUzgQK
Marybelle Polly,ZReNSVbOxj
Mollie Marilyn,dCgmMZHsoC
Aili Margo,nsqXtqqIdr
Alta Edna,JXapGVyqpb
Iris Sonja,lbQjFMJLGn
Maude Suzette,nAMiFEKbFo
Nola Phyllis,FrzqGRgUmp
Linnea Angela,mozoACEJXN
Nora Dianna,ebNncbQMLS
Blanche Judy,joaRNGjqlI
Miriam Susanne,ElIxcQnocu
Doloris Johnnie,mivCtPVZgD
Jeannette George,zEkgBwPvjH
Stella Nan,YqKLGNzTTD
Janie Beverley,FftpJdccEk
Stephanie Juanita,VBhEtoYjeK
Billie Rosemary,fVrSEIbimH
Paul Letha,pXOFvLzGge
Theresa Wanda,lbMaJfaGNu
Beth Dona,yLrzPqJbex
Isabell Erma,tnOwtHKcec
Theo Elinor,ZDRoOgeJcG
Margery Jeannine,UShRDAtfVK
Celia Helena,iWPdbtgIay
Rita Alice,pACvtwzEPc
Elizabeth Blanche,fRzAQBVMFb
Belva Marylou,CALjJrFxez
Delphine Carmela,ZVzxVwREVG
Vivian Georgina,zEosrUFwFb
Grace Merilyn,TLCyzhbtuB
Eugenie Faith,BdflKuZuqj
Nora Shelby,XNVfiRxkWT
Thelma Sandra,eOSmTghOAP
Berniece Belva,LeKfxiDpGl
Flora Jeanine,uaLiQwpeAy
Millie Sylvia,EzhvyZvtwi
Priscilla Rena,WKhTownaGi
Dorothea Glenda,tjnLLXZXQN
Berniece Suellen,duVcXYzUum
Loretta Bernadette,vCSBNfrKXm
Lilly Antonia,WAhqElrJxC
Geneva Zella,KAotiSmUYh
Winifred Gale,LZsJrVqnTK
Betsy Jeane,vCBVoLpGet
Aileen Maria,DsWfyjHBLc
Jewel Bethany,YawmAuBaQT
Laurine Eleanore,UnbPJRhcwH
Ethelyn Janet,yLrpLPVKDb
Donna Francine,VzsDhpskfN
Patty Nelda,KtGfoDfrwE
Billie Winifred,EouLYJRmye
Miriam Joanna,vTPXFRUvNW
Dorothea Elsa,eFebGoTEgR
Mae Mae,mxAhXQixHe
Joann Iris,YMDbnSgXtB
Delphine Marie,bvsBhIGLAK
Myra Julianne,SceqzDhntf
Juanita Christine,nJWcYWcHXw
Elsie Julie,bhmfOWIJrs
Gwendolyn Mabel,dNNkOeCtmT
Adah Carolee,brdjhzGDRc
Loretta Sara,GyYKZxBcwT
Maxine Carolyn,PeoXODwCra
